# league name,internal sport id,max cap per sport,max cap per child markets,main spread markets id10001,main totals markets id10002,main double chance markets id10003,first period secondary moneyline total spread ids10051 10061 10071,soccer corners and cards markets spreads totals team and most cards ids10221to10246,basketball team totals steals blocks assists threes plus player shooting volume props ids10268to10273 and11255to11262,mlb batting and some pitcher props home runs hits rbis singles doubles walks runs outs and walks allowed ids11010 11012 11213to11223,mlb pitcher bases strikeouts hits allowed and earned runs props ids11011 11019 11047 11216,basketball player points props id11029,basketball player rebounds and made threes props ids11035 11038,basketball player assists props id11039,nfl passing rushing receiving touchdowns and kicking props including longest plays ids11049 11051 11052 11053 11055 11056 11057 11058 11060 11202to11211 11241 11296 11297,soccer or hockey anytime player goal scored props id11086,basketball combo stat props double double triple double pras ras steals and turnovers plus blocks ids11087 11088 11098 11225to11229 11246,shots recorded props typically hockey id11097,player total goals props soccer or hockey id11100,nfl defensive tackles props id11212,basketball steals plus blocks combo props id11230,tennis player serve and break props aces break points double faults ids11231 11232 11240,soccer player shots on target props id11238,soccer player total shots props id11239,player fouls committed props basketball or soccer id11259,esports player kills assists deaths and headshots by map and series ids11263to11293,esports game props 10320 to 10504,soccer player fouls drawn and offsides props ids11298 11300,soccer goalkeeper saves props id11301,regular time markets,per sport risk multiplier,dynamic liquidity cutoff time seconds,dynamic liquidity cutoff divider
sportName,sportId,sportCap,childCap,10001,10002,10003,10051;10061;10071,10221;10222;10223;10224;10225;10226;10227;10228;10229;10230;10231;10232;10233;10234;10235;10236;10241;10242;10243;10244;10245;10246;10220;10237;10238;10239;10255;10256;10210,10268;10269;10270;10271;10272;10273;11255;11256;11257;11258;11260;11261;11262;10240;10257;10258;10259;10260;10261;10262;10263;10264,11010;11012;11213;11214;11215;11217;11218;11219;11220;11221;11222;11223,11011;11019;11047;11216,11029,11035;11038,11039,11049;11051;11052;11053;11055;11056;11057;11058;11060;11202;11203;11204;11205;11206;11207;11208;11209;11210;11211;11241;11296;11297,11086,11087;11088;11098;11225;11226;11227;11228;11229;11246,11097,11100,11212,11230,11231;11232;11240,11238,11239,11259,11263;11264;11265;11266;11267;11268;11269;11270;11271;11272;11273;11274;11275;11276;11277;11278;11279;11280;11281;11282;11283;11284;11285;11286;11287;11288;11289;11290;11291;11292;11293,10320;10321;10322;10323;10324;10325;10326;10327;10328;10329;10330;10331;10332;10333;10334;10335;10336;10337;10338;10339;10340;10341;10342;10343;10344;10345;10346;10347;10348;10349;10350;10351;10352;10353;10354;10355;10356;10357;10358;10359;10360;10361;10362;10363;10364;10365;10366;10367;10368;10369;10370;10371;10372;10373;10374;10375;10376;10377;10378;10379;10380;10381;10382;10383;10440;10441;10442;10443;10444;10445;10446;10447;10448;10449;10450;10451;10452;10453;10454;10455;10456;10457;10458;10459;10460;10461;10462;10463;10464;10465;10466;10467;10468;10469;10470;10471;10472;10473;10474;10475;10476;10477;10478;10479;10480;10481;10482;10483;10484;10485;10486;10487;10488;10489;10490;10491;10492;10493;10494;10495;10496;10497;10498;10499;10500;10501;10502;10503;10504,11298;11300,11301,10011;10013;10014,riskMultiplier,dynamicLiquidityCutoffTime,dynamicLiquidityCutoffDivider
NCAAF,1,5000,1000,4000,3000,0,,,0,0,0,0,0,0,350,0,0,0,,350,0,0,,,0,0,0,,,0,0,172800,4000000000000000000
NFL,2,6000,1200,5000,4000,0,,,0,0,0,0,0,0,500,0,0,0,,500,0,0,,,0,0,0,,,0,10,172800,4000000000000000000
MLB,3,6000,1200,5000,4000,0,1700,,0,250,350,0,0,0,0,0,0,0,,0,0,0,,,0,0,0,,,0,0,172800,5000000000000000000
USA - MLB All Star,305,2000,0,0,0,0,,,0,0,0,0,0,0,0,0,0,0,,0,0,0,,,0,0,0,,,0,0,86400,0
NBA,4,4000,800,4000,3000,0,,,250,0,0,350,350,350,0,0,350,350,,0,350,0,,,250,0,0,,,0,7,69200,5000000000000000000
USA - NBA Summer League,400,400,0,0,0,0,,,0,0,0,0,0,0,0,0,0,0,,0,0,0,,,0,0,0,,,0,0,86400,0
Euroleague,399,2000,500,1500,1500,0,,,0,0,0,150,150,150,0,0,150,150,,0,150,0,,,0,0,0,,,0,5,86400,5000000000000000000
Eurocup,20200,500,0,0,0,0,,,0,0,0,0,0,0,0,0,0,0,,0,0,0,,,0,0,0,,,0,0,86400,5000000000000000000
NCAAB,5,400,200,400,300,0,,,0,0,0,100,100,100,0,0,100,100,,0,100,0,,,0,0,0,,,0,0,86400,5000000000000000000
NCAAW,20211,200,100,200,200,0,,,0,0,0,100,100,100,0,0,100,100,,0,100,0,,,0,0,0,,,0,0,86400,5000000000000000000
NHL,6,4000,1000,3000,2500,0,,,0,0,0,350,0,350,0,350,0,350,350,0,0,0,,350,0,0,0,,350,2000,0,86400,5000000000000000000
WNBA,8,1250,500,1250,1000,0,,,150,0,0,250,250,200,0,0,200,200,,0,200,0,,,150,0,0,,,0,7,86400,5000000000000000000
MLS,10,2000,700,1500,1000,1000,,300,0,0,0,0,0,250,0,0,0,0,300,200,0,0,250,250,200,0,0,200,200,0,0,172800,5000000000000000000
EPL,11,5000,1000,4000,2500,2500,,300,0,0,0,0,0,300,0,0,0,0,400,200,0,0,300,300,200,0,0,200,200,0,0,172800,5000000000000000000
FRA1,12,4000,1000,3000,2000,2000,,300,0,0,0,0,0,300,0,0,0,0,400,200,0,0,300,300,200,0,0,200,200,0,0,172800,5000000000000000000
GER1,13,4000,1000,3000,2000,2000,,300,0,0,0,0,0,300,0,0,0,0,400,200,0,0,300,300,200,0,0,200,200,0,0,172800,5000000000000000000
ESP1,14,4000,1000,3000,2000,2000,,300,0,0,0,0,0,300,0,0,0,0,400,200,0,0,300,300,200,0,0,200,200,0,0,172800,5000000000000000000
ITA1,15,4000,1000,3000,2000,2000,,300,0,0,0,0,0,300,0,0,0,0,400,200,0,0,300,300,200,0,0,200,200,0,0,172800,5000000000000000000
UEFA CL,16,5000,1000,4000,3000,3000,,300,0,0,0,0,0,300,0,0,0,0,400,200,0,0,300,300,200,0,0,200,200,0,0,172800,5000000000000000000
UEFA - Super Cup,20001,1000,0,0,0,0,,300,0,0,0,0,0,200,0,0,0,0,200,200,0,0,200,200,200,0,0,200,200,0,0,172800,5000000000000000000
UEFA EL,17,3000,1000,2500,2000,0,,300,0,0,0,0,0,300,0,0,0,0,400,200,0,0,300,300,200,0,0,200,200,0,0,86400,5000000000000000000
UEFA Conference,10216,1500,700,1000,1000,0,,300,0,0,0,0,0,200,0,0,0,0,200,200,0,0,200,200,200,0,0,200,200,0,0,86400,5000000000000000000
UEFA Nations League,9806,3000,1000,2000,2000,2000,,300,0,0,0,0,0,200,0,0,0,0,200,200,0,0,200,200,200,0,0,200,200,0,0,172800,5000000000000000000
FIFA Q,18,2000,500,1300,1300,800,,300,0,0,0,0,0,200,0,0,0,0,200,200,0,0,200,200,200,0,0,200,200,0,0,172800,5000000000000000000
NET1,57,1500,1000,1300,1300,1300,,300,0,0,0,0,0,300,0,0,0,0,400,200,0,0,300,300,200,0,0,200,200,0,0,172800,5000000000000000000
POR1,61,1500,1000,1300,1300,1300,,300,0,0,0,0,0,300,0,0,0,0,400,200,0,0,300,300,200,0,0,200,200,0,0,172800,5000000000000000000
Brazil,268,2000,1000,1500,1500,1500,,300,0,0,0,0,0,200,0,0,0,0,200,200,0,0,200,200,200,0,0,200,200,0,0,172800,5000000000000000000
Copa Libertadores,45,3000,1000,2500,1500,1500,,300,0,0,0,0,0,200,0,0,0,0,200,200,0,0,200,200,200,0,0,200,200,0,0,172800,5000000000000000000
Brazil - Copa do Brasil,20002,1200,500,1000,1000,1000,,300,0,0,0,0,0,200,0,0,0,0,200,200,0,0,200,200,200,0,0,200,200,0,0,172800,5000000000000000000
England - Championship,20011,1500,500,1000,800,800,,300,0,0,0,0,0,200,0,0,0,0,200,200,0,0,200,200,200,0,0,200,200,0,0,172800,5000000000000000000
England - League 1,20126,1000,300,600,500,400,,300,0,0,0,0,0,200,0,0,0,0,200,200,0,0,200,200,200,0,0,200,200,0,0,172800,5000000000000000000
Austria league 1,20120,1200,500,800,700,700,,300,0,0,0,0,0,200,0,0,0,0,200,200,0,0,200,200,200,0,0,200,200,0,0,172800,5000000000000000000
JPN1,19,1000,300,700,500,400,,300,0,0,0,0,0,200,0,0,0,0,200,200,0,0,200,200,200,0,0,200,200,0,0,172800,5000000000000000000
Liga MX,230,1000,500,700,700,0,,300,0,0,0,0,0,200,0,0,0,0,200,200,0,0,200,200,200,0,0,200,200,0,0,172800,5000000000000000000
Saudi League,536,800,250,600,500,400,,300,0,0,0,0,0,200,0,0,0,0,200,200,0,0,200,200,200,0,0,200,200,0,0,172800,5000000000000000000
Swiss superleague,20114,1000,300,700,500,400,,300,0,0,0,0,0,200,0,0,0,0,200,200,0,0,200,200,200,0,0,200,200,0,0,172800,5000000000000000000
Belgium league 1,20102,1000,300,700,500,400,,300,0,0,0,0,0,300,0,0,0,0,400,200,0,0,300,300,200,0,0,200,200,0,0,172800,5000000000000000000
Sweden - Allsvenskan,20123,1000,300,500,500,400,,300,0,0,0,0,0,200,0,0,0,0,200,200,0,0,200,200,200,0,0,200,200,0,0,172800,5000000000000000000
Turkey league 1,20108,1000,300,700,500,400,,300,0,0,0,0,0,200,0,0,0,0,200,200,0,0,200,200,200,0,0,200,200,0,0,172800,5000000000000000000
Russia - Premier League,20107,1000,300,700,500,400,,300,0,0,0,0,0,200,0,0,0,0,200,200,0,0,200,200,200,0,0,200,200,0,0,172800,5000000000000000000
Argentina league 1,20106,1000,300,700,500,400,,300,0,0,0,0,0,200,0,0,0,0,200,200,0,0,200,200,200,0,0,200,200,0,0,172800,5000000000000000000
China league 1,20012,1000,300,500,700,400,,,0,0,0,0,0,0,0,0,0,0,,0,0,0,,,0,0,0,,,0,0,172800,5000000000000000000
Scotland league 1,20101,1000,300,700,500,400,,300,0,0,0,0,0,200,0,0,0,0,200,200,0,0,200,200,200,0,0,200,200,0,0,172800,5000000000000000000
Greece - Super League,20110,1000,300,700,500,400,,300,0,0,0,0,0,200,0,0,0,0,200,200,0,0,200,200,200,0,0,200,200,0,0,172800,5000000000000000000
England EFL cup,20125,3000,500,2000,2000,1500,,300,0,0,0,0,0,200,0,0,0,0,200,200,0,0,200,200,200,0,0,200,200,0,0,172800,5000000000000000000
England FA cup,132,1200,300,800,800,300,,300,0,0,0,0,0,200,0,0,0,0,200,200,0,0,200,200,200,0,0,200,200,0,0,172800,5000000000000000000
Spain - La Liga 2,20116,1500,500,1000,700,700,,300,0,0,0,0,0,200,0,0,0,0,200,200,0,0,200,200,200,0,0,200,200,0,0,172800,5000000000000000000
Italy Serie B,20117,1200,500,700,1000,700,,300,0,0,0,0,0,200,0,0,0,0,200,200,0,0,200,200,200,0,0,200,200,0,0,172800,5000000000000000000
Germany - Bundesliga 2,20115,1000,500,780,700,700,,300,0,0,0,0,0,200,0,0,0,0,200,200,0,0,200,200,200,0,0,200,200,0,0,172800,5000000000000000000
AFC - Champions League,20128,1000,400,800,600,600,,300,0,0,0,0,0,200,0,0,0,0,200,200,0,0,200,200,200,0,0,200,200,0,0,172800,5000000000000000000
CONCACAF - Champions Cup,20147,1000,400,700,500,400,,300,0,0,0,0,0,200,0,0,0,0,200,200,0,0,200,200,200,0,0,200,200,0,0,172800,5000000000000000000
Spain - Copa del Rey,138,2000,300,1000,1000,1000,,300,0,0,0,0,0,200,0,0,0,0,200,200,0,0,200,200,200,0,0,200,200,0,0,172800,5000000000000000000
DFB Pokal,209,2000,0,0,0,0,,300,0,0,0,0,0,200,0,0,0,0,200,200,0,0,200,200,200,0,0,200,200,0,0,172800,5000000000000000000
Coppa Italia,141,2000,300,1000,1000,0,,300,0,0,0,0,0,200,0,0,0,0,200,200,0,0,200,200,200,0,0,200,200,0,0,172800,5000000000000000000
Super Coppa Italia,20129,3000,1000,0,0,0,,300,0,0,0,0,0,200,0,0,0,0,200,200,0,0,200,200,200,0,0,200,200,0,0,172800,5000000000000000000
France Super Cup,20130,3000,1000,0,0,0,,300,0,0,0,0,0,200,0,0,0,0,200,200,0,0,200,200,200,0,0,200,200,0,0,172800,5000000000000000000
Spain supercopa,20131,3000,1000,0,0,0,,300,0,0,0,0,0,200,0,0,0,0,200,200,0,0,200,200,200,0,0,200,200,0,0,172800,5000000000000000000
German Super cup,20132,3000,1000,0,0,0,,300,0,0,0,0,0,200,0,0,0,0,200,200,0,0,200,200,200,0,0,200,200,0,0,172800,5000000000000000000
Portugal League Cup,20133,1000,0,0,0,0,,300,0,0,0,0,0,200,0,0,0,0,200,200,0,0,200,200,200,0,0,200,200,0,0,172800,5000000000000000000
Portugal - Super Cup,20658,1500,0,0,0,0,,300,0,0,0,0,0,200,0,0,0,0,200,200,0,0,200,200,200,0,0,200,200,0,0,172800,5000000000000000000
Netherlands - Super Cup,20716,1000,0,0,0,0,,300,0,0,0,0,0,200,0,0,0,0,200,200,0,0,200,200,200,0,0,200,200,0,0,172800,5000000000000000000
Ukraine - Premier League,20717,800,0,0,0,0,,300,0,0,0,0,0,200,0,0,0,0,200,200,0,0,200,200,200,0,0,200,200,0,0,172800,5000000000000000000
Italy - Serie C,20718,400,0,0,0,0,,300,0,0,0,0,0,200,0,0,0,0,200,200,0,0,200,200,200,0,0,200,200,0,0,172800,5000000000000000000
Spain - Primera Federacion,20728,400,0,0,0,0,,300,0,0,0,0,0,200,0,0,0,0,200,200,0,0,200,200,200,0,0,200,200,0,0,172800,5000000000000000000
Portugal Taka Cup,20136,400,0,0,0,0,,300,0,0,0,0,0,200,0,0,0,0,200,200,0,0,200,200,200,0,0,200,200,0,0,172800,5000000000000000000
Sweden - Superettan,20686,800,0,0,0,0,,300,0,0,0,0,0,200,0,0,0,0,200,200,0,0,200,200,200,0,0,200,200,0,0,172800,5000000000000000000
Switzerland - Challenge League,20688,500,0,0,0,0,,300,0,0,0,0,0,200,0,0,0,0,200,200,0,0,200,200,200,0,0,200,200,0,0,172800,5000000000000000000
Argentina - Copa Argentina,20160,500,0,0,0,0,,300,0,0,0,0,0,200,0,0,0,0,200,200,0,0,200,200,200,0,0,200,200,0,0,172800,5000000000000000000
Norway - 1. Divisjon,20642,500,0,0,0,0,,300,0,0,0,0,0,200,0,0,0,0,200,200,0,0,200,200,200,0,0,200,200,0,0,172800,5000000000000000000
Denmark - 1st Division,20531,500,0,0,0,0,,300,0,0,0,0,0,200,0,0,0,0,200,200,0,0,200,200,200,0,0,200,200,0,0,172800,5000000000000000000
Thai League 1,20134,500,0,0,0,0,,300,0,0,0,0,0,200,0,0,0,0,200,200,0,0,200,200,200,0,0,200,200,0,0,172800,5000000000000000000
Netherlands Cup,20135,700,0,0,0,0,,300,0,0,0,0,0,200,0,0,0,0,200,200,0,0,200,200,200,0,0,200,200,0,0,172800,5000000000000000000
Canada - Premier League,20149,500,0,0,0,0,,300,0,0,0,0,0,200,0,0,0,0,200,200,0,0,200,200,200,0,0,200,200,0,0,172800,5000000000000000000
Norway - Eliteserien,20150,800,0,0,0,0,,300,0,0,0,0,0,200,0,0,0,0,200,200,0,0,200,200,200,0,0,200,200,0,0,172800,5000000000000000000
USA - Open Cup,20151,800,0,0,0,0,,300,0,0,0,0,0,200,0,0,0,0,200,200,0,0,200,200,200,0,0,200,200,0,0,172800,5000000000000000000
FIFA - Club World Cup,20152,4000,1000,3000,3000,3000,,300,0,0,0,0,0,200,0,0,0,0,200,200,0,0,200,200,200,0,0,200,200,0,0,172800,5000000000000000000
FIFA - Intercontinental Cup,20558,4000,1000,3000,3000,3000,,300,0,0,0,0,0,200,0,0,0,0,200,200,0,0,200,200,200,0,0,200,200,0,0,172800,5000000000000000000
CONCACAF - Gold Cup,20516,800,0,0,0,0,,300,0,0,0,0,0,200,0,0,0,0,200,200,0,0,200,200,200,0,0,200,200,0,0,172800,5000000000000000000
COSAFA - Cup,20555,800,0,0,0,0,,300,0,0,0,0,0,200,0,0,0,0,200,200,0,0,200,200,200,0,0,200,200,0,0,172800,5000000000000000000
Finland - Veikkausliiga,20105,800,0,0,0,0,,300,0,0,0,0,0,200,0,0,0,0,200,200,0,0,200,200,200,0,0,200,200,0,0,172800,5000000000000000000
Korea - K1 League,20603,800,0,0,0,0,,300,0,0,0,0,0,200,0,0,0,0,200,200,0,0,200,200,200,0,0,200,200,0,0,172800,5000000000000000000
Iceland - Besta Deild Karla,20578,500,0,0,0,0,,300,0,0,0,0,0,200,0,0,0,0,200,200,0,0,200,200,200,0,0,200,200,0,0,172800,5000000000000000000
Uruguay - Primera Division,20127,700,0,0,0,0,,300,0,0,0,0,0,200,0,0,0,0,200,200,0,0,200,200,200,0,0,200,200,0,0,172800,5000000000000000000
Peru - Primera Division,20651,500,0,0,0,0,,300,0,0,0,0,0,200,0,0,0,0,200,200,0,0,200,200,200,0,0,200,200,0,0,172800,5000000000000000000
Colombia - Primera A,20124,600,0,0,0,0,,300,0,0,0,0,0,200,0,0,0,0,200,200,0,0,200,200,200,0,0,200,200,0,0,172800,5000000000000000000
Ecuador - Serie A,20535,500,0,0,0,0,,300,0,0,0,0,0,200,0,0,0,0,200,200,0,0,200,200,200,0,0,200,200,0,0,172800,5000000000000000000
Chile - Primera Division,20104,600,0,0,0,0,,300,0,0,0,0,0,200,0,0,0,0,200,200,0,0,200,200,200,0,0,200,200,0,0,172800,5000000000000000000
Slovakia - Superliga,20714,600,0,0,0,0,,300,0,0,0,0,0,200,0,0,0,0,200,200,0,0,200,200,200,0,0,200,200,0,0,172800,5000000000000000000
China - FA Cup,20715,1000,0,0,0,0,,300,0,0,0,0,0,200,0,0,0,0,200,200,0,0,200,200,200,0,0,200,200,0,0,172800,5000000000000000000
Romania - Liga I,20661,800,0,0,0,0,,300,0,0,0,0,0,200,0,0,0,0,200,200,0,0,200,200,200,0,0,200,200,0,0,172800,5000000000000000000
Bulgaria - Parva Liga,20507,600,0,0,0,0,,300,0,0,0,0,0,200,0,0,0,0,200,200,0,0,200,200,200,0,0,200,200,0,0,172800,5000000000000000000
Lithuania - A Lyga,20616,600,0,0,0,0,,300,0,0,0,0,0,200,0,0,0,0,200,200,0,0,200,200,200,0,0,200,200,0,0,172800,5000000000000000000
Latvia - Virsliga,20612,600,0,0,0,0,,300,0,0,0,0,0,200,0,0,0,0,200,200,0,0,200,200,200,0,0,200,200,0,0,172800,5000000000000000000
Serbia - Super Liga,20109,600,0,0,0,0,,300,0,0,0,0,0,200,0,0,0,0,200,200,0,0,200,200,200,0,0,200,200,0,0,172800,5000000000000000000
Denmark - Superliga,20121,700,0,0,0,0,,300,0,0,0,0,0,200,0,0,0,0,200,200,0,0,200,200,200,0,0,200,200,0,0,172800,5000000000000000000
Ireland - Premier League,20590,600,0,0,0,0,,300,0,0,0,0,0,200,0,0,0,0,200,200,0,0,200,200,200,0,0,200,200,0,0,172800,5000000000000000000
Poland - Ekstraklasa,20122,700,0,0,0,0,,300,0,0,0,0,0,200,0,0,0,0,200,200,0,0,200,200,200,0,0,200,200,0,0,172800,5000000000000000000
Slovenia - PrvaLiga,20682,600,0,0,0,0,,300,0,0,0,0,0,200,0,0,0,0,200,200,0,0,200,200,200,0,0,200,200,0,0,172800,5000000000000000000
Hungary - NB I,20572,700,0,0,0,0,,300,0,0,0,0,0,200,0,0,0,0,200,200,0,0,200,200,200,0,0,200,200,0,0,172800,5000000000000000000
Croatia - 1. HNL,20520,600,0,0,0,0,,300,0,0,0,0,0,200,0,0,0,0,200,200,0,0,200,200,200,0,0,200,200,0,0,172800,5000000000000000000
North America - Leagues Cup,20637,800,0,0,0,0,,300,0,0,0,0,0,200,0,0,0,0,200,200,0,0,200,200,200,0,0,200,200,0,0,172800,5000000000000000000
Brazil - Serie B,20503,500,0,0,0,0,,300,0,0,0,0,0,200,0,0,0,0,200,200,0,0,200,200,200,0,0,200,200,0,0,172800,5000000000000000000
Australia - Cup,20166,500,0,0,0,0,,300,0,0,0,0,0,200,0,0,0,0,200,200,0,0,200,200,200,0,0,200,200,0,0,172800,5000000000000000000
Kazakhstan - Premier League,20600,500,0,0,0,0,,300,0,0,0,0,0,200,0,0,0,0,200,200,0,0,200,200,200,0,0,200,200,0,0,172800,5000000000000000000
Cyprus - First Division,20524,500,0,0,0,0,,300,0,0,0,0,0,200,0,0,0,0,200,200,0,0,200,200,200,0,0,200,200,0,0,172800,5000000000000000000
Malta - Premier League,20624,200,0,0,0,0,,100,0,0,0,0,0,50,0,0,0,0,50,50,0,0,50,50,50,0,0,50,50,0,0,172800,5000000000000000000
Estonia - Premium Liig,20549,500,0,0,0,0,,300,0,0,0,0,0,200,0,0,0,0,200,200,0,0,200,200,200,0,0,200,200,0,0,172800,5000000000000000000
USA - USL Championship,20702,500,0,0,0,0,,300,0,0,0,0,0,200,0,0,0,0,200,200,0,0,200,200,200,0,0,200,200,0,0,172800,5000000000000000000
Costa Rica - Primera Division,20519,500,0,0,0,0,,300,0,0,0,0,0,200,0,0,0,0,200,200,0,0,200,200,200,0,0,200,200,0,0,172800,5000000000000000000
Russia - Cup,20663,500,0,0,0,0,,300,0,0,0,0,0,200,0,0,0,0,200,200,0,0,200,200,200,0,0,200,200,0,0,172800,5000000000000000000
England - Community Shield,20540,2500,0,0,0,0,,300,0,0,0,0,0,200,0,0,0,0,200,200,0,0,200,200,200,0,0,200,200,0,0,172800,5000000000000000000
Egypt - Premier League,20538,500,0,0,0,0,,300,0,0,0,0,0,200,0,0,0,0,200,200,0,0,200,200,200,0,0,200,200,0,0,172800,5000000000000000000
Uzbekistan - Super League,20707,500,0,0,0,0,,300,0,0,0,0,0,200,0,0,0,0,200,200,0,0,200,200,200,0,0,200,200,0,0,172800,5000000000000000000
Wales - Cymru Premier,20517,500,0,0,0,0,,300,0,0,0,0,0,200,0,0,0,0,200,200,0,0,200,200,200,0,0,200,200,0,0,172800,5000000000000000000
Northern Ireland - Premiership,20639,500,0,0,0,0,,300,0,0,0,0,0,200,0,0,0,0,200,200,0,0,200,200,200,0,0,200,200,0,0,172800,5000000000000000000
Belarus - Premier League,20183,500,0,0,0,0,,300,0,0,0,0,0,200,0,0,0,0,200,200,0,0,200,200,200,0,0,200,200,0,0,172800,5000000000000000000
South Africa - Premier League,20683,500,0,0,0,0,,300,0,0,0,0,0,200,0,0,0,0,200,200,0,0,200,200,200,0,0,200,200,0,0,172800,5000000000000000000
Indonesia - Liga 1,20583,500,0,0,0,0,,300,0,0,0,0,0,200,0,0,0,0,200,200,0,0,200,200,200,0,0,200,200,0,0,172800,5000000000000000000
Qatar - Stars League,20659,500,0,0,0,0,,300,0,0,0,0,0,200,0,0,0,0,200,200,0,0,200,200,200,0,0,200,200,0,0,172800,5000000000000000000
Georgia - Erovnuli Liga,20561,500,0,0,0,0,,300,0,0,0,0,0,200,0,0,0,0,200,200,0,0,200,200,200,0,0,200,200,0,0,172800,5000000000000000000
Malaysia - Super League,20621,500,0,0,0,0,,300,0,0,0,0,0,200,0,0,0,0,200,200,0,0,200,200,200,0,0,200,200,0,0,172800,5000000000000000000
Vietnam - V League 1,20709,500,0,0,0,0,,300,0,0,0,0,0,200,0,0,0,0,200,200,0,0,200,200,200,0,0,200,200,0,0,172800,5000000000000000000
Austria - 2. Liga,20175,500,0,0,0,0,,300,0,0,0,0,0,200,0,0,0,0,200,200,0,0,200,200,200,0,0,200,200,0,0,172800,5000000000000000000
Belgium - Challenger Pro League,20184,500,0,0,0,0,,300,0,0,0,0,0,200,0,0,0,0,200,200,0,0,200,200,200,0,0,200,200,0,0,172800,5000000000000000000
Netherlands - Eerste Divisie,20634,500,0,0,0,0,,300,0,0,0,0,0,200,0,0,0,0,200,200,0,0,200,200,200,0,0,200,200,0,0,172800,5000000000000000000
Ireland - Division 1,20588,500,0,0,0,0,,300,0,0,0,0,0,200,0,0,0,0,200,200,0,0,200,200,200,0,0,200,200,0,0,172800,5000000000000000000
Portugal - Segunda Liga,20657,500,0,0,0,0,,300,0,0,0,0,0,200,0,0,0,0,200,200,0,0,200,200,200,0,0,200,200,0,0,172800,5000000000000000000
Russia - First League,20664,500,0,0,0,0,,300,0,0,0,0,0,200,0,0,0,0,200,200,0,0,200,200,200,0,0,200,200,0,0,172800,5000000000000000000
Scotland - Championship,20669,500,0,0,0,0,,300,0,0,0,0,0,200,0,0,0,0,200,200,0,0,200,200,200,0,0,200,200,0,0,172800,5000000000000000000
Turkey - 1. Lig,20692,500,0,0,0,0,,300,0,0,0,0,0,200,0,0,0,0,200,200,0,0,200,200,200,0,0,200,200,0,0,172800,5000000000000000000
England - League 2,20543,500,0,0,0,0,,300,0,0,0,0,0,200,0,0,0,0,200,200,0,0,200,200,200,0,0,200,200,0,0,172800,5000000000000000000
Germany - Bundesliga 3,20563,500,0,0,0,0,,300,0,0,0,0,0,200,0,0,0,0,200,200,0,0,200,200,200,0,0,200,200,0,0,172800,5000000000000000000
Portugal - Liga 3,20656,500,0,0,0,0,,300,0,0,0,0,0,200,0,0,0,0,200,200,0,0,200,200,200,0,0,200,200,0,0,172800,5000000000000000000
Romania - Liga II,20662,500,0,0,0,0,,300,0,0,0,0,0,200,0,0,0,0,200,200,0,0,200,200,200,0,0,200,200,0,0,172800,5000000000000000000
Czech Republic - First League,20529,800,0,0,0,0,,300,0,0,0,0,0,200,0,0,0,0,200,200,0,0,200,200,200,0,0,200,200,0,0,172800,5000000000000000000
Israel - Premier League,20593,500,0,0,0,0,,300,0,0,0,0,0,200,0,0,0,0,200,200,0,0,200,200,200,0,0,200,200,0,0,172800,5000000000000000000
Paraguay - Primera Division,20649,500,0,0,0,0,,300,0,0,0,0,0,200,0,0,0,0,200,200,0,0,200,200,200,0,0,200,200,0,0,172800,5000000000000000000
UAE - Pro League,20694,500,0,0,0,0,,300,0,0,0,0,0,200,0,0,0,0,200,200,0,0,200,200,200,0,0,200,200,0,0,172800,5000000000000000000
Argentina - Primera Nacional,20161,500,0,0,0,0,,300,0,0,0,0,0,200,0,0,0,0,200,200,0,0,200,200,200,0,0,200,200,0,0,172800,5000000000000000000
UEFA - European Championship U21,20712,3000,1000,2000,2000,2000,,300,0,0,0,0,0,200,0,0,0,0,200,200,0,0,200,200,200,0,0,200,200,0,0,172800,5000000000000000000
UEFA - European Championship Women,20713,700,0,0,0,0,,300,0,0,0,0,0,200,0,0,0,0,200,200,0,0,200,200,200,0,0,200,200,0,0,172800,5000000000000000000
France Cup,134,1000,0,0,0,0,,300,0,0,0,0,0,200,0,0,0,0,200,200,0,0,200,200,200,0,0,200,200,0,0,172800,5000000000000000000
EURO 2024,50,1000,0,0,0,0,,300,0,0,0,0,0,300,0,0,0,0,400,200,0,0,300,300,200,0,0,200,200,0,0,172800,5000000000000000000
Copa America,44,1000,0,0,0,0,,300,0,0,0,0,0,200,0,0,0,0,200,200,0,0,200,200,200,0,0,200,200,0,5,172800,5000000000000000000
UCL Qualification,10611,1000,0,0,0,0,,300,0,0,0,0,0,200,0,0,0,0,200,200,0,0,200,200,200,0,0,200,200,0,0,172800,5000000000000000000
Europe League Qualification,10613,1000,0,0,0,0,,300,0,0,0,0,0,200,0,0,0,0,200,200,0,0,200,200,200,0,0,200,200,0,0,172800,5000000000000000000
Conference League Qualification,10615,1000,0,0,0,0,,300,0,0,0,0,0,200,0,0,0,0,200,200,0,0,200,200,200,0,0,200,200,0,0,172800,5000000000000000000
Australia A League,20113,1000,300,500,500,400,,300,0,0,0,0,0,200,0,0,0,0,200,200,0,0,200,200,200,0,0,200,200,0,0,172800,5000000000000000000
China Super League,20112,1000,300,500,500,400,,300,0,0,0,0,0,200,0,0,0,0,200,200,0,0,200,200,200,0,0,200,200,0,0,172800,5000000000000000000
International - Club Friendlies,20584,300,0,0,0,0,,300,0,0,0,0,0,200,0,0,0,0,200,200,0,0,200,200,200,0,0,200,200,0,0,172800,5000000000000000000
International - Friendlies,20585,300,0,0,0,0,,300,0,0,0,0,0,200,0,0,0,0,200,200,0,0,200,200,200,0,0,200,200,0,0,172800,5000000000000000000
International - Friendlies Women,20586,300,0,0,0,0,,300,0,0,0,0,0,200,0,0,0,0,200,200,0,0,200,200,200,0,0,200,200,0,0,172800,5000000000000000000
SPAIN_LIGA_ACB,20201,700,200,600,500,0,,,0,0,0,0,0,0,0,0,0,0,,0,0,0,,,0,0,0,,,0,0,86400,5000000000000000000
ITALY_LEGA_BASKET_SERIA_A,20202,600,200,500,400,0,,,0,0,0,0,0,0,0,0,0,0,,0,0,0,,,0,0,0,,,0,0,86400,5000000000000000000
GERMANY_BBL,20203,700,200,600,500,0,,,0,0,0,0,0,0,0,0,0,0,,0,0,0,,,0,0,0,,,0,0,86400,5000000000000000000
FRANCE_LNB_PRO_A,20204,600,200,500,400,0,,,0,0,0,0,0,0,0,0,0,0,,0,0,0,,,0,0,0,,,0,0,86400,5000000000000000000
CHINA_CBA,20205,500,200,400,300,0,,,0,0,0,0,0,0,0,0,0,0,,0,0,0,,,0,0,0,,,0,0,86400,5000000000000000000
AUSTRALIA_NBL,20206,500,200,400,300,0,,,0,0,0,0,0,0,0,0,0,0,,0,0,0,,,0,0,0,,,0,0,86400,5000000000000000000
JAPAN_B1_LEAGUE,20207,500,200,400,300,0,,,0,0,0,0,0,0,0,0,0,0,,0,0,0,,,0,0,0,,,0,0,86400,5000000000000000000
KOREA_BBL,20208,400,200,300,300,0,,,0,0,0,0,0,0,0,0,0,0,,0,0,0,,,0,0,0,,,0,0,86400,5000000000000000000
ENGLAND_BBL,20209,400,0,0,0,0,,,0,0,0,0,0,0,0,0,0,0,,0,0,0,,,0,0,0,,,0,0,86400,5000000000000000000
BIG3,20210,200,0,0,0,0,,,0,0,0,0,0,0,0,0,0,0,,0,0,0,,,0,0,0,,,0,0,86400,5000000000000000000
FIBA - Americup Qualifiers,20212,400,0,0,0,0,,,0,0,0,0,0,0,0,0,0,0,,0,0,0,,,0,0,0,,,0,0,86400,5000000000000000000
FIBA - Asia Cup Qualifiers,20213,400,0,0,0,0,,,0,0,0,0,0,0,0,0,0,0,,0,0,0,,,0,0,0,,,0,0,86400,5000000000000000000
FIBA - Americup,20226,600,0,0,0,0,,,0,0,0,0,0,0,0,0,0,0,,0,0,0,,,0,0,0,,,0,0,86400,5000000000000000000
International - ABA League,20227,500,200,400,300,0,,,0,0,0,0,0,0,0,0,0,0,,0,0,0,,,0,0,0,,,0,0,86400,5000000000000000000
International - VTB United League,20229,200,0,0,0,0,,,0,0,0,0,0,0,0,0,0,0,,0,0,0,,,0,0,0,,,0,0,86400,5000000000000000000
Israel - Super League,20228,400,200,300,300,0,,,0,0,0,0,0,0,0,0,0,0,,0,0,0,,,0,0,0,,,0,0,86400,5000000000000000000
FIBA - World Cup Qualifiers,20215,500,0,0,0,0,,,0,0,0,0,0,0,0,0,0,0,,0,0,0,,,0,0,0,,,0,0,86400,5000000000000000000
Greece - A1 League,20217,400,200,300,300,0,,,0,0,0,0,0,0,0,0,0,0,,0,0,0,,,0,0,0,,,0,0,86400,5000000000000000000
International - Champions League,20218,400,200,300,300,0,,,0,0,0,0,0,0,0,0,0,0,,0,0,0,,,0,0,0,,,0,0,86400,5000000000000000000
Turkey - BSL,20219,500,200,400,300,0,,,0,0,0,0,0,0,0,0,0,0,,0,0,0,,,0,0,0,,,0,0,86400,5000000000000000000
FIBA - Eurobasket Women,20220,400,0,0,0,0,,,0,0,0,0,0,0,0,0,0,0,,0,0,0,,,0,0,0,,,0,0,86400,5000000000000000000
Philippines - Phillipine Cup,20221,400,0,0,0,0,,,0,0,0,0,0,0,0,0,0,0,,0,0,0,,,0,0,0,,,0,0,86400,5000000000000000000
FIBA - World Cup U19,20222,300,0,0,0,0,,,0,0,0,0,0,0,0,0,0,0,,0,0,0,,,0,0,0,,,0,0,86400,5000000000000000000
FIBA - Americup Women,20223,200,0,0,0,0,,,0,0,0,0,0,0,0,0,0,0,,0,0,0,,,0,0,0,,,0,0,86400,5000000000000000000
UFC PPV,701,4000,700,700,1200,0,,,0,0,0,0,0,0,0,0,0,0,,0,0,0,,,0,0,0,,,0,0,86400,0
UFC Non-Main,702,1000,300,0,0,0,,,0,0,0,0,0,0,0,0,0,0,,0,0,0,,,0,0,0,,,0,0,86400,0
UFC APEX,703,600,200,0,0,0,,,0,0,0,0,0,0,0,0,0,0,,0,0,0,,,0,0,0,,,0,0,86400,0
UFC DW Contender,704,300,100,0,0,0,,,0,0,0,0,0,0,0,0,0,0,,0,0,0,,,0,0,0,,,0,0,86400,0
PFL,9,600,200,0,0,0,,,0,0,0,0,0,0,0,0,0,0,,0,0,0,,,0,0,0,,,0,0,86400,0
Boxing,9196,300,0,0,0,0,,,0,0,0,0,0,0,0,0,0,0,,0,0,0,,,0,0,0,,,0,0,86400,0
Boxing - Non-Title (deprecated),10595,100,0,0,0,0,,,0,0,0,0,0,0,0,0,0,0,,0,0,0,,,0,0,0,,,0,0,86400,0
USA - National Lacrosse League,20310,300,0,0,0,0,,,0,0,0,0,0,0,0,0,0,0,,0,0,0,,,0,0,0,,,0,0,86400,4000000000000000000
USA - Premier Lacrosse League,20311,300,0,0,0,0,,,0,0,0,0,0,0,0,0,0,0,,0,0,0,,,0,0,0,,,0,0,86400,4000000000000000000
CS2,9977,500,200,300,300,0,,,0,0,0,0,0,0,0,0,0,0,,0,0,0,,,0,170,170,,,0,7,172800,5000000000000000000
DOTA2,9983,500,200,300,300,0,,,0,0,0,0,0,0,0,0,0,0,,0,0,0,,,0,170,170,,,0,7,172800,5000000000000000000
LOL,10138,500,200,300,300,0,,,0,0,0,0,0,0,0,0,0,0,,0,0,0,,,0,170,170,,,0,10,172800,5000000000000000000
Rainbow Six Siege,20293,150,0,0,0,0,,,0,0,0,0,0,0,0,0,0,0,,0,0,0,,,0,130,130,,,0,7,172800,0
Starcraft 2,20294,150,0,0,0,0,,,0,0,0,0,0,0,0,0,0,0,,0,0,0,,,0,130,130,,,0,0,172800,0
Mobile Legends Bang Bang,20295,150,0,0,0,0,,,0,0,0,0,0,0,0,0,0,0,,0,0,0,,,0,130,130,,,0,0,172800,0
Overwatch,20296,150,0,0,0,0,,,0,0,0,0,0,0,0,0,0,0,,0,0,0,,,0,130,130,,,0,0,172800,0
Call of Duty,20298,150,0,0,0,0,,,0,0,0,0,0,0,0,0,0,0,,0,0,0,,,0,130,130,,,0,0,172800,0
Valorant,20300,200,0,0,0,0,,,0,0,0,0,0,0,0,0,0,0,,0,0,0,,,0,150,80,,,0,0,172800,0
Rocket League,20297,150,0,0,0,0,,,0,0,0,0,0,0,0,0,0,0,,0,0,0,,,0,100,80,,,0,0,172800,0
Kings of Glory,20292,100,0,0,0,0,,,0,0,0,0,0,0,0,0,0,0,,0,0,0,,,0,70,50,,,0,0,172800,0
US presidential elections,20000,1000,0,0,0,0,,,0,0,0,0,0,0,0,0,0,0,,0,0,0,,,0,0,0,,,0,10,0,0
Tennis ATP GS unknown round,15610,200,0,0,0,0,,,0,0,0,0,0,0,0,0,0,0,,0,0,200,,,0,0,0,,,0,5,86400,4000000000000000000
Tennis ATP GS Qualification,15611,800,0,0,0,0,,,0,0,0,0,0,0,0,0,0,0,,0,0,200,,,0,0,0,,,0,5,86400,4000000000000000000
Tennis ATP GS 1st round,15612,1000,500,0,0,0,,,0,500,500,0,0,0,0,0,0,0,,0,0,200,,,0,0,0,,,0,5,86400,5000000000000000000
Tennis ATP GS 2nd round,15613,2000,0,0,0,0,,,0,500,500,0,0,0,0,0,0,0,,0,0,200,,,0,0,0,,,0,5,86400,5000000000000000000
Tennis ATP GS 3rt round,15614,2500,0,0,0,0,,,0,500,500,0,0,0,0,0,0,0,,0,0,200,,,0,0,0,,,0,5,86400,5000000000000000000
Tennis ATP GS 4th round,15615,3000,1000,2000,2000,0,,,0,500,500,0,0,0,0,0,0,0,,0,0,200,,,0,0,0,,,0,5,86400,5000000000000000000
Tennis ATP GS quarterfinals,15616,3000,1000,2000,2000,0,,,0,500,500,0,0,0,0,0,0,0,,0,0,200,,,0,0,0,,,0,5,86400,5000000000000000000
Tennis ATP GS semifinals,15617,4000,1200,2000,2000,0,,,0,500,500,0,0,0,0,0,0,0,,0,0,200,,,0,0,0,,,0,5,86400,5000000000000000000
Tennis ATP GS finals,15618,5000,1200,3000,3000,0,,,0,500,500,0,0,0,0,0,0,0,,0,0,200,,,0,0,0,,,0,5,86400,5000000000000000000
Tennis ATP1000 unknown round,15620,200,0,0,0,0,,,0,0,0,0,0,0,0,0,0,0,,0,0,200,,,0,0,0,,,0,5,86400,5000000000000000000
Tennis ATP1000 Qualification,15621,800,0,0,0,0,,,0,0,0,0,0,0,0,0,0,0,,0,0,200,,,0,0,0,,,0,5,86400,5000000000000000000
Tennis ATP1000 1st round,15622,1000,0,1000,700,0,,,0,500,500,0,0,0,0,0,0,0,,0,0,200,,,0,0,0,,,0,5,86400,5000000000000000000
Tennis ATP1000 2nd round,15623,2000,0,1500,1500,0,,,0,500,500,0,0,0,0,0,0,0,,0,0,200,,,0,0,0,,,0,5,86400,5000000000000000000
Tennis ATP1000 3rt round,15624,2500,1000,2000,1500,1500,,,0,500,500,0,0,0,0,0,0,0,,0,0,200,,,0,0,0,,,0,5,86400,5000000000000000000
Tennis ATP1000 4th round,15625,2500,1000,2000,1500,0,,,0,500,500,0,0,0,0,0,0,0,,0,0,200,,,0,0,0,,,0,5,86400,5000000000000000000
Tennis ATP1000 quarterfinals,15626,2500,1000,2000,2000,0,,,0,500,500,0,0,0,0,0,0,0,,0,0,200,,,0,0,0,,,0,5,86400,5000000000000000000
Tennis ATP1000 semifinals,15627,3000,1000,2000,2000,0,,,0,500,500,0,0,0,0,0,0,0,,0,0,200,,,0,0,0,,,0,5,86400,5000000000000000000
Tennis ATP1000 finals,15628,4000,1000,2000,3000,0,,,0,500,500,0,0,0,0,0,0,0,,0,0,200,,,0,0,0,,,0,5,86400,5000000000000000000
Tennis ATP500 unknown round,15630,200,0,0,0,0,,,0,0,0,0,0,0,0,0,0,0,,0,0,150,,,0,0,0,,,0,5,86400,5000000000000000000
Tennis ATP500 Qualification,15631,700,0,700,600,0,,,0,0,0,0,0,0,0,0,0,0,,0,0,150,,,0,0,0,,,0,5,86400,5000000000000000000
Tennis ATP500 1st round,15632,900,0,900,700,0,,,0,400,400,0,0,0,0,0,0,0,,0,0,150,,,0,0,0,,,0,5,86400,5000000000000000000
Tennis ATP500 2nd round,15633,1000,0,1000,800,0,,,0,400,400,0,0,0,0,0,0,0,,0,0,150,,,0,0,0,,,0,5,86400,5000000000000000000
Tennis ATP500 3rt round,15634,1300,0,1300,1000,0,,,0,400,400,0,0,0,0,0,0,0,,0,0,150,,,0,0,0,,,0,5,86400,5000000000000000000
Tennis ATP500 4th round,15635,1400,0,1400,1000,0,,,0,400,400,0,0,0,0,0,0,0,,0,0,150,,,0,0,0,,,0,5,86400,5000000000000000000
Tennis ATP500 quarterfinals,15636,1500,0,1500,1300,1000,,,0,400,400,0,0,0,0,0,0,0,,0,0,150,,,0,0,0,,,0,5,86400,5000000000000000000
Tennis ATP500 semifinals,15637,1700,0,1500,1300,0,,,0,400,400,0,0,0,0,0,0,0,,0,0,150,,,0,0,0,,,0,5,86400,5000000000000000000
Tennis ATP500 finals,15638,2000,0,2000,1500,0,,,0,400,400,0,0,0,0,0,0,0,,0,0,150,,,0,0,0,,,0,5,86400,5000000000000000000
Tennis ATP250 unknown round,15640,200,0,0,0,0,,,0,0,0,0,0,0,0,0,0,0,,0,0,150,,,0,0,0,,,0,5,86400,5000000000000000000
Tennis ATP250 Qualification,15641,500,0,500,0,0,,,0,0,0,0,0,0,0,0,0,0,,0,0,150,,,0,0,0,,,0,5,86400,5000000000000000000
Tennis ATP250 1st round,15642,700,0,700,0,0,,,0,200,200,0,0,0,0,0,0,0,,0,0,150,,,0,0,0,,,0,5,86400,5000000000000000000
Tennis ATP250 2nd round,15643,800,0,800,0,0,,,0,200,200,0,0,0,0,0,0,0,,0,0,150,,,0,0,0,,,0,5,86400,5000000000000000000
Tennis ATP250 3rt round,15644,1000,0,1000,0,0,,,0,200,200,0,0,0,0,0,0,0,,0,0,150,,,0,0,0,,,0,5,86400,5000000000000000000
Tennis ATP250 4th round,15645,1200,0,1200,1000,0,,,0,200,200,0,0,0,0,0,0,0,,0,0,150,,,0,0,0,,,0,5,86400,5000000000000000000
Tennis ATP250 quarterfinals,15646,1300,0,1300,1000,0,,,0,200,200,0,0,0,0,0,0,0,,0,0,150,,,0,0,0,,,0,5,86400,5000000000000000000
Tennis ATP250 semifinals,15647,1500,0,1500,1000,0,,,0,200,200,0,0,0,0,0,0,0,,0,0,150,,,0,0,0,,,0,5,86400,5000000000000000000
Tennis ATP250 finals,15648,1500,0,1500,1000,0,,,0,200,200,0,0,0,0,0,0,0,,0,0,150,,,0,0,0,,,0,5,86400,5000000000000000000
ATP Challenger,157,500,0,0,0,0,,,0,0,0,0,0,0,0,0,0,0,,0,0,150,,,0,0,0,,,0,5,86400,4000000000000000000
United Cup,150,1000,0,0,0,0,,,0,0,0,0,0,0,0,0,0,0,,0,0,150,,,0,0,0,,,0,5,86400,4000000000000000000
Six Kings Slam,151,2000,0,0,0,0,,,0,0,0,0,0,0,0,0,0,0,,0,0,150,,,0,0,0,,,0,5,86400,4000000000000000000
Davis Cup,154,500,0,0,0,0,,,0,0,0,0,0,0,0,0,0,0,,0,0,150,,,0,0,0,,,0,5,86400,4000000000000000000
ITF Women,155,400,0,0,0,0,,,0,0,0,0,0,0,0,0,0,0,,0,0,150,,,0,0,0,,,0,5,86400,4000000000000000000
ITF Men,159,500,0,0,0,0,,,0,0,0,0,0,0,0,0,0,0,,0,0,150,,,0,0,0,,,0,5,86400,4000000000000000000
Tennis WTA GS unknown round,15210,200,0,0,0,0,,,0,0,0,0,0,0,0,0,0,0,,0,0,200,,,0,0,0,,,0,5,86400,5000000000000000000
Tennis WTA GS Qualification,15211,800,0,800,700,0,,,0,0,0,0,0,0,0,0,0,0,,0,0,200,,,0,0,0,,,0,5,86400,5000000000000000000
Tennis WTA GS 1st round,15212,1300,0,1200,1000,0,,,0,400,400,0,0,0,0,0,0,0,,0,0,200,,,0,0,0,,,0,5,86400,5000000000000000000
Tennis WTA GS 2nd round,15213,1500,0,1200,1000,0,,,0,400,400,0,0,0,0,0,0,0,,0,0,200,,,0,0,0,,,0,5,86400,5000000000000000000
Tennis WTA GS 3rd round,15214,2000,0,2000,1500,0,,,0,400,400,0,0,0,0,0,0,0,,0,0,200,,,0,0,0,,,0,5,86400,5000000000000000000
Tennis WTA GS 4th round,15215,2800,1000,2000,2000,0,,,0,400,400,0,0,0,0,0,0,0,,0,0,200,,,0,0,0,,,0,5,86400,5000000000000000000
Tennis WTA GS quarterfinals,15216,3200,1000,3000,2000,0,,,0,400,400,0,0,0,0,0,0,0,,0,0,200,,,0,0,0,,,0,5,86400,5000000000000000000
Tennis WTA GS semifinals,15217,3500,1000,3000,2000,0,,,0,400,400,0,0,0,0,0,0,0,,0,0,200,,,0,0,0,,,0,5,86400,5000000000000000000
Tennis WTA GS finals,15218,4000,1000,3000,2000,0,,,0,400,400,0,0,0,0,0,0,0,,0,0,200,,,0,0,0,,,0,5,86400,5000000000000000000
Tennis WTA1000 unknown round,15220,200,0,0,0,0,,,0,0,0,0,0,0,0,0,0,0,,0,0,200,,,0,0,0,,,0,5,86400,5000000000000000000
Tennis WTA1000 Qualification,15221,700,0,0,0,0,,,0,0,0,0,0,0,0,0,0,0,,0,0,200,,,0,0,0,,,0,5,86400,5000000000000000000
Tennis WTA1000 1st round,15222,800,0,700,600,0,,,0,400,400,0,0,0,0,0,0,0,,0,0,200,,,0,0,0,,,0,5,86400,5000000000000000000
Tennis WTA1000 2nd round,15223,1000,0,900,800,0,,,0,400,400,0,0,0,0,0,0,0,,0,0,200,,,0,0,0,,,0,5,86400,5000000000000000000
Tennis WTA1000 3rt round,15224,1500,0,1300,1200,0,,,0,400,400,0,0,0,0,0,0,0,,0,0,200,,,0,0,0,,,0,5,86400,5000000000000000000
Tennis WTA1000 4th round,15225,1500,0,1300,1200,0,,,0,400,400,0,0,0,0,0,0,0,,0,0,200,,,0,0,0,,,0,5,86400,5000000000000000000
Tennis WTA1000 quarterfinals,15226,2000,0,1500,1200,0,,,0,400,400,0,0,0,0,0,0,0,,0,0,200,,,0,0,0,,,0,5,86400,5000000000000000000
Tennis WTA1000 semifinals,15227,2000,0,1500,1200,0,,,0,400,400,0,0,0,0,0,0,0,,0,0,200,,,0,0,0,,,0,5,86400,5000000000000000000
Tennis WTA1000 finals,15228,2500,0,2000,1500,0,,,0,400,400,0,0,0,0,0,0,0,,0,0,200,,,0,0,0,,,0,5,86400,5000000000000000000
Tennis WTA500 unknown round,15230,200,0,0,0,0,,,0,0,0,0,0,0,0,0,0,0,,0,0,150,,,0,0,0,,,0,5,86400,5000000000000000000
Tennis WTA500 Qualification,15231,500,0,0,0,0,,,0,0,0,0,0,0,0,0,0,0,,0,0,150,,,0,0,0,,,0,5,86400,5000000000000000000
Tennis WTA500 1st round,15232,700,0,600,500,0,,,0,300,300,0,0,0,0,0,0,0,,0,0,150,,,0,0,0,,,0,5,86400,5000000000000000000
Tennis WTA500 2nd round,15233,800,0,700,600,0,,,0,300,300,0,0,0,0,0,0,0,,0,0,150,,,0,0,0,,,0,5,86400,5000000000000000000
Tennis WTA500 3rt round,15234,1000,0,1000,800,0,,,0,300,300,0,0,0,0,0,0,0,,0,0,150,,,0,0,0,,,0,5,86400,5000000000000000000
Tennis WTA500 4th round,15235,1200,0,1000,1000,0,,,0,300,300,0,0,0,0,0,0,0,,0,0,150,,,0,0,0,,,0,5,86400,5000000000000000000
Tennis WTA500 quarterfinals,15236,1500,0,1500,1200,0,,,0,300,300,0,0,0,0,0,0,0,,0,0,150,,,0,0,0,,,0,5,86400,5000000000000000000
Tennis WTA500 semifinals,15237,1500,0,1500,1200,0,,,0,300,300,0,0,0,0,0,0,0,,0,0,150,,,0,0,0,,,0,5,86400,5000000000000000000
Tennis WTA500 finals,15238,2000,0,2000,1500,0,,,0,300,300,0,0,0,0,0,0,0,,0,0,150,,,0,0,0,,,0,5,86400,5000000000000000000
Tennis WTA250 unknown round,15240,200,0,0,0,0,,,0,0,0,0,0,0,0,0,0,0,,0,0,150,,,0,0,0,,,0,5,86400,5000000000000000000
Tennis WTA250 Qualification,15241,300,0,0,0,0,,,0,0,0,0,0,0,0,0,0,0,,0,0,150,,,0,0,0,,,0,5,86400,5000000000000000000
Tennis WTA250 1st round,15242,400,0,400,300,0,,,0,200,200,0,0,0,0,0,0,0,,0,0,150,,,0,0,0,,,0,5,86400,5000000000000000000
Tennis WTA250 2nd round,15243,600,0,600,500,0,,,0,200,200,0,0,0,0,0,0,0,,0,0,150,,,0,0,0,,,0,5,86400,5000000000000000000
Tennis WTA250 3rt round,15244,700,0,600,500,0,,,0,200,200,0,0,0,0,0,0,0,,0,0,150,,,0,0,0,,,0,5,86400,5000000000000000000
Tennis WTA250 4th round,15245,800,0,700,600,0,,,0,200,200,0,0,0,0,0,0,0,,0,0,150,,,0,0,0,,,0,5,86400,5000000000000000000
Tennis WTA250 quarterfinals,15246,900,0,800,700,0,,,0,200,200,0,0,0,0,0,0,0,,0,0,150,,,0,0,0,,,0,5,86400,5000000000000000000
Tennis WTA250 semifinals,15247,1000,0,800,700,0,,,0,200,200,0,0,0,0,0,0,0,,0,0,150,,,0,0,0,,,0,5,86400,5000000000000000000
Tennis WTA250 finals,15248,1000,0,800,700,0,,,0,200,200,0,0,0,0,0,0,0,,0,0,150,,,0,0,0,,,0,5,86400,5000000000000000000
India - IPL,20,500,0,0,0,0,,,0,0,0,0,0,0,0,0,0,0,,0,0,0,,,0,0,0,,,0,0,86400,5000000000000000000
England - T20 Blast,21,500,0,0,0,0,,,0,0,0,0,0,0,0,0,0,0,,0,0,0,,,0,0,0,,,0,0,86400,5000000000000000000
Pakistan - Super League,20305,500,0,0,0,0,,,0,0,0,0,0,0,0,0,0,0,,0,0,0,,,0,0,0,,,0,0,86400,5000000000000000000
Australia - Big Bash League,20302,200,100,0,0,0,,,0,0,0,0,0,0,0,0,0,0,,0,0,0,,,0,0,0,,,0,0,86400,5000000000000000000
Czech Republic - Extraliga,310,400,0,0,0,0,,,0,0,0,0,0,0,0,0,0,0,,0,0,0,,,0,0,0,,,0,0,86400,5000000000000000000
Finland - SM Liiga,319,600,0,0,0,0,,,0,0,0,0,0,0,0,0,0,0,,0,0,0,,,0,0,0,,,0,0,86400,5000000000000000000
Russia - KHL,321,600,0,0,0,0,,,0,0,0,0,0,0,0,0,0,0,,0,0,0,,,0,0,0,,,0,0,86400,5000000000000000000
IIHF - World Championship,33,500,0,0,0,0,,,0,0,0,0,0,0,0,0,0,0,,0,0,0,,,0,0,0,,,0,0,86400,5000000000000000000
Germany - DEL,322,300,0,0,0,0,,,0,0,0,0,0,0,0,0,0,0,,0,0,0,,,0,0,0,,,0,0,86400,5000000000000000000
Austria - Ice Hockey League,323,300,0,0,0,0,,,0,0,0,0,0,0,0,0,0,0,,0,0,0,,,0,0,0,,,0,0,86400,5000000000000000000
Sweden - SHL,324,500,0,0,0,0,,,0,0,0,0,0,0,0,0,0,0,,0,0,0,,,0,0,0,,,0,0,86400,5000000000000000000
Switzerland - National League,327,300,0,0,0,0,,,0,0,0,0,0,0,0,0,0,0,,0,0,0,,,0,0,0,,,0,0,86400,5000000000000000000
Champions Hockey League,312,200,0,0,0,0,,,0,0,0,0,0,0,0,0,0,0,,0,0,0,,,0,0,0,,,0,0,86400,5000000000000000000
USA - AHL,328,200,0,0,0,0,,,0,0,0,0,0,0,0,0,0,0,,0,0,0,,,0,0,0,,,0,0,86400,5000000000000000000
NCAAH,311,200,0,0,0,0,,,0,0,0,0,0,0,0,0,0,0,,0,0,0,,,0,0,0,,,0,0,86400,5000000000000000000
Canada - OHL,313,200,0,0,0,0,,,0,0,0,0,0,0,0,0,0,0,,0,0,0,,,0,0,0,,,0,0,86400,5000000000000000000
Canada - QMJHL,314,200,0,0,0,0,,,0,0,0,0,0,0,0,0,0,0,,0,0,0,,,0,0,0,,,0,0,86400,5000000000000000000
Canada - QMJHL,315,200,0,0,0,0,,,0,0,0,0,0,0,0,0,0,0,,0,0,0,,,0,0,0,,,0,0,86400,5000000000000000000
Australia - NRL,9500,750,0,0,0,0,,,0,0,0,0,0,0,0,0,0,0,,0,0,0,,,0,0,0,,,0,0,86400,5000000000000000000
England - Super League,9501,500,0,0,0,0,,,0,0,0,0,0,0,0,0,0,0,,0,0,0,,,0,0,0,,,0,0,86400,5000000000000000000
Oceania - Super Rugby,9502,750,0,0,0,0,,,0,0,0,0,0,0,0,0,0,0,,0,0,0,,,0,0,0,,,0,0,86400,5000000000000000000
International - Six Nations,9503,750,0,0,0,0,,,0,0,0,0,0,0,0,0,0,0,,0,0,0,,,0,0,0,,,0,0,86400,5000000000000000000
AFL,9510,1000,0,0,0,0,,,0,0,0,0,0,0,0,0,0,0,,0,0,0,,,0,0,0,,,0,0,86400,5000000000000000000
CFL,9520,1000,0,0,0,0,,,0,0,0,0,0,0,0,0,0,0,,0,0,0,,,0,0,0,,,0,0,86400,5000000000000000000
UFL,9521,300,0,0,0,0,,,0,0,0,0,0,0,0,0,0,0,,0,0,0,,,0,0,0,,,0,0,86400,5000000000000000000
England - Premier League Darts,20320,500,150,0,0,0,,,0,0,0,0,0,0,0,0,0,0,,0,0,0,,,0,0,0,,,0,0,86400,5000000000000000000
PDC - World Cup of Darts,20321,500,150,0,0,0,,,0,0,0,0,0,0,0,0,0,0,,0,0,0,,,0,0,0,,,0,0,86400,5000000000000000000
PDC - World Grand Prix,20324,500,150,0,0,0,,,0,0,0,0,0,0,0,0,0,0,,0,0,0,,,0,0,0,,,0,0,86400,5000000000000000000
PDC - Grand Slam Of Darts,20325,500,150,0,0,0,,,0,0,0,0,0,0,0,0,0,0,,0,0,0,,,0,0,0,,,0,0,86400,5000000000000000000
PDC - World Championship,20326,500,150,0,0,0,,,0,0,0,0,0,0,0,0,0,0,,0,0,0,,,0,0,0,,,0,0,86400,5000000000000000000
College Baseball,303,500,0,0,0,0,,,0,0,0,0,0,0,0,0,0,0,,0,0,0,,,0,0,0,,,0,0,86400,5000000000000000000
KBO,302,500,0,0,0,0,,,0,0,0,0,0,0,0,0,0,0,,0,0,0,,,0,0,0,,,0,0,86400,5000000000000000000
NPB,301,500,0,0,0,0,,,0,0,0,0,0,0,0,0,0,0,,0,0,0,,,0,0,0,,,0,0,86400,5000000000000000000
CPBL,304,500,0,0,0,0,,,0,0,0,0,0,0,0,0,0,0,,0,0,0,,,0,0,0,,,0,0,86400,5000000000000000000
Mexico - LMB,306,300,0,0,0,0,,,0,0,0,0,0,0,0,0,0,0,,0,0,0,,,0,0,0,,,0,0,86400,5000000000000000000
Olympics Table Tennis Women,8909,100,0,0,0,0,,,0,0,0,0,0,0,0,0,0,0,,0,0,0,,,0,0,0,,,0,0,86400,5000000000000000000
Olympics Table Tennis Men,8910,100,0,0,0,0,,,0,0,0,0,0,0,0,0,0,0,,0,0,0,,,0,0,0,,,0,0,86400,5000000000000000000
Czech Republic - TT Cup Men,8911,100,0,0,0,0,,,0,0,0,0,0,0,0,0,0,0,,0,0,0,,,0,0,0,,,0,0,86400,5000000000000000000
Czech Republic - TT Liga Pro Men,8912,100,0,0,0,0,,,0,0,0,0,0,0,0,0,0,0,,0,0,0,,,0,0,0,,,0,0,86400,5000000000000000000
Poland - TT Elite Series Men,8913,100,0,0,0,0,,,0,0,0,0,0,0,0,0,0,0,,0,0,0,,,0,0,0,,,0,0,86400,5000000000000000000
WTT Men,8914,100,0,0,0,0,,,0,0,0,0,0,0,0,0,0,0,,0,0,0,,,0,0,0,,,0,0,86400,5000000000000000000
North Macedonia - Super Liga,379,200,0,0,0,0,,,0,0,0,0,0,0,0,0,0,0,,0,0,0,,,0,0,0,,,0,0,86400,5000000000000000000
Croatia - HB Premijer Liga,382,200,0,0,0,0,,,0,0,0,0,0,0,0,0,0,0,,0,0,0,,,0,0,0,,,0,0,86400,5000000000000000000
EHF - Champions League,383,200,0,0,0,0,,,0,0,0,0,0,0,0,0,0,0,,0,0,0,,,0,0,0,,,0,0,86400,5000000000000000000
EHF - Champions League Women,384,200,0,0,0,0,,,0,0,0,0,0,0,0,0,0,0,,0,0,0,,,0,0,0,,,0,0,86400,5000000000000000000
EHF - European League,385,200,0,0,0,0,,,0,0,0,0,0,0,0,0,0,0,,0,0,0,,,0,0,0,,,0,0,86400,5000000000000000000
EHF - European Championship,377,400,0,0,0,0,,,0,0,0,0,0,0,0,0,0,0,,0,0,0,,,0,0,0,,,0,0,86400,5000000000000000000
France - LNH Division 1,386,200,0,0,0,0,,,0,0,0,0,0,0,0,0,0,0,,0,0,0,,,0,0,0,,,0,0,86400,5000000000000000000
Germany - HBL,387,200,0,0,0,0,,,0,0,0,0,0,0,0,0,0,0,,0,0,0,,,0,0,0,,,0,0,86400,5000000000000000000
Hungary - HNB I,388,200,0,0,0,0,,,0,0,0,0,0,0,0,0,0,0,,0,0,0,,,0,0,0,,,0,0,86400,5000000000000000000
Iceland - Urvalsdeild,389,200,0,0,0,0,,,0,0,0,0,0,0,0,0,0,0,,0,0,0,,,0,0,0,,,0,0,86400,5000000000000000000
IHF - World Championship,390,200,0,0,0,0,,,0,0,0,0,0,0,0,0,0,0,,0,0,0,,,0,0,0,,,0,0,86400,5000000000000000000
Norway - HB 1. Divisjon,391,200,0,0,0,0,,,0,0,0,0,0,0,0,0,0,0,,0,0,0,,,0,0,0,,,0,0,86400,5000000000000000000
Poland - Superliga,392,200,0,0,0,0,,,0,0,0,0,0,0,0,0,0,0,,0,0,0,,,0,0,0,,,0,0,86400,5000000000000000000
Russia - Super League,393,200,0,0,0,0,,,0,0,0,0,0,0,0,0,0,0,,0,0,0,,,0,0,0,,,0,0,86400,5000000000000000000
Serbia - Superliga,394,200,0,0,0,0,,,0,0,0,0,0,0,0,0,0,0,,0,0,0,,,0,0,0,,,0,0,86400,5000000000000000000
Slovakia - HB Extraliga,395,200,0,0,0,0,,,0,0,0,0,0,0,0,0,0,0,,0,0,0,,,0,0,0,,,0,0,86400,5000000000000000000
Slovenia - 1. Liga,396,200,0,0,0,0,,,0,0,0,0,0,0,0,0,0,0,,0,0,0,,,0,0,0,,,0,0,86400,5000000000000000000
Spain - ASOBAL,397,200,0,0,0,0,,,0,0,0,0,0,0,0,0,0,0,,0,0,0,,,0,0,0,,,0,0,86400,5000000000000000000
Sweden - Handbollsligan,398,200,0,0,0,0,,,0,0,0,0,0,0,0,0,0,0,,0,0,0,,,0,0,0,,,0,0,86400,5000000000000000000
Olympics Volleyball Women,8893,500,0,0,0,0,,,0,0,0,0,0,0,0,0,0,0,,0,0,0,,,0,0,0,,,0,0,86400,5000000000000000000
Olympics Volleyball Men,8894,500,0,0,0,0,,,0,0,0,0,0,0,0,0,0,0,,0,0,0,,,0,0,0,,,0,0,86400,5000000000000000000
Argentina - Liga Argentina,20400,500,0,0,0,0,,,0,0,0,0,0,0,0,0,0,0,,0,0,0,,,0,0,0,,,0,0,86400,5000000000000000000
Argentina - Liga Argentina Women,20401,500,0,0,0,0,,,0,0,0,0,0,0,0,0,0,0,,0,0,0,,,0,0,0,,,0,0,86400,5000000000000000000
Austria - AVL,20402,500,0,0,0,0,,,0,0,0,0,0,0,0,0,0,0,,0,0,0,,,0,0,0,,,0,0,86400,5000000000000000000
Austria - WVL,20403,500,0,0,0,0,,,0,0,0,0,0,0,0,0,0,0,,0,0,0,,,0,0,0,,,0,0,86400,5000000000000000000
Belgium - Liga Dames,20404,500,0,0,0,0,,,0,0,0,0,0,0,0,0,0,0,,0,0,0,,,0,0,0,,,0,0,86400,5000000000000000000
Belgium - Liga Heren,20405,500,0,0,0,0,,,0,0,0,0,0,0,0,0,0,0,,0,0,0,,,0,0,0,,,0,0,86400,5000000000000000000
Brazil - Superliga,20406,500,0,0,0,0,,,0,0,0,0,0,0,0,0,0,0,,0,0,0,,,0,0,0,,,0,0,86400,5000000000000000000
Brazil - Superliga Women,20407,500,0,0,0,0,,,0,0,0,0,0,0,0,0,0,0,,0,0,0,,,0,0,0,,,0,0,86400,5000000000000000000
FINA - World Championship,20870,200,0,0,0,0,,,0,0,0,0,0,0,0,0,0,0,,0,0,0,,,0,0,0,,,0,0,86400,5000000000000000000
FINA - World Championship Women,20871,100,0,0,0,0,,,0,0,0,0,0,0,0,0,0,0,,0,0,0,,,0,0,0,,,0,0,86400,5000000000000000000
CEV - Champions League,20408,500,0,0,0,0,,,0,0,0,0,0,0,0,0,0,0,,0,0,0,,,0,0,0,,,0,0,86400,5000000000000000000
CEV - Champions League Women,20409,500,0,0,0,0,,,0,0,0,0,0,0,0,0,0,0,,0,0,0,,,0,0,0,,,0,0,86400,5000000000000000000
CEV - Cup,20410,500,0,0,0,0,,,0,0,0,0,0,0,0,0,0,0,,0,0,0,,,0,0,0,,,0,0,86400,5000000000000000000
CEV - Cup Women,20411,500,0,0,0,0,,,0,0,0,0,0,0,0,0,0,0,,0,0,0,,,0,0,0,,,0,0,86400,5000000000000000000
China - CVL,20412,500,0,0,0,0,,,0,0,0,0,0,0,0,0,0,0,,0,0,0,,,0,0,0,,,0,0,86400,5000000000000000000
China - CVL Women,20413,500,0,0,0,0,,,0,0,0,0,0,0,0,0,0,0,,0,0,0,,,0,0,0,,,0,0,86400,5000000000000000000
Czech Republic - VEL,20414,500,0,0,0,0,,,0,0,0,0,0,0,0,0,0,0,,0,0,0,,,0,0,0,,,0,0,86400,5000000000000000000
Czech Republic - VEL Women,20415,500,0,0,0,0,,,0,0,0,0,0,0,0,0,0,0,,0,0,0,,,0,0,0,,,0,0,86400,5000000000000000000
Denmark - Volleyligaen,20416,500,0,0,0,0,,,0,0,0,0,0,0,0,0,0,0,,0,0,0,,,0,0,0,,,0,0,86400,5000000000000000000
Denmark - Volleyligaen Women,20417,500,0,0,0,0,,,0,0,0,0,0,0,0,0,0,0,,0,0,0,,,0,0,0,,,0,0,86400,5000000000000000000
Finland - Mestaruusliiga,20418,500,0,0,0,0,,,0,0,0,0,0,0,0,0,0,0,,0,0,0,,,0,0,0,,,0,0,86400,5000000000000000000
Finland - Mestaruusliiga Women,20419,500,0,0,0,0,,,0,0,0,0,0,0,0,0,0,0,,0,0,0,,,0,0,0,,,0,0,86400,5000000000000000000
FIVB - Nations League,20420,1000,0,0,0,0,,,0,0,0,0,0,0,0,0,0,0,,0,0,0,,,0,0,0,,,0,0,86400,5000000000000000000
FIVB - Nations League Women,20421,500,0,0,0,0,,,0,0,0,0,0,0,0,0,0,0,,0,0,0,,,0,0,0,,,0,0,86400,5000000000000000000
FIVB - World Championship Women,20440,500,0,0,0,0,,,0,0,0,0,0,0,0,0,0,0,,0,0,0,,,0,0,0,,,0,0,86400,5000000000000000000
FIVB - World Championship,20441,1500,0,0,0,0,,,0,0,0,0,0,0,0,0,0,0,,0,0,0,,,0,0,0,,,0,0,86400,5000000000000000000
France - Ligue A,20422,500,0,0,0,0,,,0,0,0,0,0,0,0,0,0,0,,0,0,0,,,0,0,0,,,0,0,86400,5000000000000000000
France - Ligue A Women,20423,500,0,0,0,0,,,0,0,0,0,0,0,0,0,0,0,,0,0,0,,,0,0,0,,,0,0,86400,5000000000000000000
Germany - 1st Bundesliga,20424,500,0,0,0,0,,,0,0,0,0,0,0,0,0,0,0,,0,0,0,,,0,0,0,,,0,0,86400,5000000000000000000
Germany - 1st Bundesliga Women,20425,500,0,0,0,0,,,0,0,0,0,0,0,0,0,0,0,,0,0,0,,,0,0,0,,,0,0,86400,5000000000000000000
Iran - Super League,20426,500,0,0,0,0,,,0,0,0,0,0,0,0,0,0,0,,0,0,0,,,0,0,0,,,0,0,86400,5000000000000000000
Italy - Coppa Italia A1 Women,20427,500,0,0,0,0,,,0,0,0,0,0,0,0,0,0,0,,0,0,0,,,0,0,0,,,0,0,86400,5000000000000000000
Italy - Coppa Italia Superlega,20428,500,0,0,0,0,,,0,0,0,0,0,0,0,0,0,0,,0,0,0,,,0,0,0,,,0,0,86400,5000000000000000000
Italy - Serie A1 Women,20429,500,0,0,0,0,,,0,0,0,0,0,0,0,0,0,0,,0,0,0,,,0,0,0,,,0,0,86400,5000000000000000000
Italy - Superlega,20430,500,0,0,0,0,,,0,0,0,0,0,0,0,0,0,0,,0,0,0,,,0,0,0,,,0,0,86400,5000000000000000000
Japan - League Cup,20597,800,0,0,0,0,,,0,0,0,0,0,0,0,0,0,0,,0,0,0,,,0,0,0,,,0,0,86400,5000000000000000000
Japan - J2 League,20595,500,0,0,0,0,,,0,0,0,0,0,0,0,0,0,0,,0,0,0,,,0,0,0,,,0,0,86400,5000000000000000000
Japan - Emperor Cup,20719,800,0,0,0,0,,300,0,0,0,0,0,200,0,0,0,0,200,200,0,0,200,200,200,0,0,200,200,0,0,86400,5000000000000000000
Japan - SV League,20431,500,0,0,0,0,,,0,0,0,0,0,0,0,0,0,0,,0,0,0,,,0,0,0,,,0,0,86400,5000000000000000000
Japan - SV League Women,20432,500,0,0,0,0,,,0,0,0,0,0,0,0,0,0,0,,0,0,0,,,0,0,0,,,0,0,86400,5000000000000000000
CONMEBOL - Copa Sudamericana,20720,500,0,0,0,0,,300,0,0,0,0,0,200,0,0,0,0,200,200,0,0,200,200,200,0,0,200,200,0,0,86400,5000000000000000000
Bolivia - Division Professional,20721,500,0,0,0,0,,300,0,0,0,0,0,200,0,0,0,0,200,200,0,0,200,200,200,0,0,200,200,0,0,86400,5000000000000000000
Venezuela - Primera Division,20722,500,0,0,0,0,,300,0,0,0,0,0,200,0,0,0,0,200,200,0,0,200,200,200,0,0,200,200,0,0,86400,5000000000000000000
FIFA - World Cup U20,296,500,0,0,0,0,,300,0,0,0,0,0,200,0,0,0,0,200,200,0,0,200,200,200,0,0,200,200,0,0,86400,5000000000000000000
FIFA - Arab Nations Cup,20723,800,0,0,0,0,,300,0,0,0,0,0,200,0,0,0,0,200,200,0,0,200,200,200,0,0,200,200,0,0,86400,5000000000000000000
CAF - Africa Cup of Nations,20724,2500,500,1500,1500,1500,,300,0,0,0,0,0,200,0,0,0,0,200,200,0,0,200,200,200,0,0,200,200,0,0,86400,5000000000000000000
Norway - NVBF,20433,500,0,0,0,0,,,0,0,0,0,0,0,0,0,0,0,,0,0,0,,,0,0,0,,,0,0,86400,5000000000000000000
Philippines - PVL Women,20434,500,0,0,0,0,,,0,0,0,0,0,0,0,0,0,0,,0,0,0,,,0,0,0,,,0,0,86400,4000000000000000000
Poland - PlusLiga,20435,500,0,0,0,0,,,0,0,0,0,0,0,0,0,0,0,,0,0,0,,,0,0,0,,,0,0,86400,5000000000000000000
Russia - Superliga,20436,500,0,0,0,0,,,0,0,0,0,0,0,0,0,0,0,,0,0,0,,,0,0,0,,,0,0,86400,5000000000000000000
Russia - Superliga Women,20437,500,0,0,0,0,,,0,0,0,0,0,0,0,0,0,0,,0,0,0,,,0,0,0,,,0,0,86400,5000000000000000000
South Korea - V League,20438,500,0,0,0,0,,,0,0,0,0,0,0,0,0,0,0,,0,0,0,,,0,0,0,,,0,0,86400,5000000000000000000
South Korea - V League Women,20439,500,0,0,0,0,,,0,0,0,0,0,0,0,0,0,0,,0,0,0,,,0,0,0,,,0,0,86400,5000000000000000000
UEFA - Nations League Women,20148,500,0,0,0,0,,300,0,0,0,0,0,200,0,0,0,0,200,200,0,0,200,200,200,0,0,200,200,0,0,172800,5000000000000000000
ENGLAND_WOMENS_SUPER_LEAGUE,20137,400,0,0,0,0,,300,0,0,0,0,0,200,0,0,0,0,200,200,0,0,200,200,200,0,0,200,200,0,0,172800,5000000000000000000
ITALY_SERIE_A_FEMMINILE,20138,400,0,0,0,0,,300,0,0,0,0,0,200,0,0,0,0,200,200,0,0,200,200,200,0,0,200,200,0,0,172800,5000000000000000000
FRANCE_PREMIERE_LIGUE,20139,400,0,0,0,0,,300,0,0,0,0,0,200,0,0,0,0,200,200,0,0,200,200,200,0,0,200,200,0,0,172800,5000000000000000000
GERMANY_FRAUEN_BUNDESLIGA,20140,400,0,0,0,0,,300,0,0,0,0,0,200,0,0,0,0,200,200,0,0,200,200,200,0,0,200,200,0,0,172800,5000000000000000000
SPAIN_LIGA_F,20141,400,0,0,0,0,,300,0,0,0,0,0,200,0,0,0,0,200,200,0,0,200,200,200,0,0,200,200,0,0,172800,5000000000000000000
NETHERLANDS_VROUWEN_EREDIVISIE,20142,400,0,0,0,0,,300,0,0,0,0,0,200,0,0,0,0,200,200,0,0,200,200,200,0,0,200,200,0,0,172800,5000000000000000000
BELGIUM_WOMENS_SUPER_LEAGUE,20143,400,0,0,0,0,,300,0,0,0,0,0,200,0,0,0,0,200,200,0,0,200,200,200,0,0,200,200,0,0,172800,5000000000000000000
UEFA_CHAMPIONS_LEAGUE_WOMEN,20144,500,0,0,0,0,,300,0,0,0,0,0,200,0,0,0,0,200,200,0,0,200,200,200,0,0,200,200,0,0,172800,5000000000000000000
USA_NWSL,20145,400,0,0,0,0,,300,0,0,0,0,0,200,0,0,0,0,200,200,0,0,200,200,200,0,0,200,200,0,0,172800,5000000000000000000
AUSTRALIA_A_LEAGUE_WOMEN,20146,400,0,0,0,0,,300,0,0,0,0,0,200,0,0,0,0,200,200,0,0,200,200,200,0,0,200,200,0,0,172800,5000000000000000000
FIBA - Eurobasket,20224,1000,500,1000,1000,0,,,150,0,0,200,200,200,0,0,200,200,,0,250,0,,,150,0,0,,,0,7,86400,4000000000000000000
NCAAF - Futures,30001,3000,0,0,0,0,,,0,0,0,0,0,0,0,0,0,0,,0,0,0,,,0,0,0,,,0,10,0,0
NFL - Futures,30002,10000,0,0,0,0,,,0,0,0,0,0,0,0,0,0,0,,0,0,0,,,0,0,0,,,0,10,0,0
MLB - Futures,30003,5000,0,0,0,0,,,0,0,0,0,0,0,0,0,0,0,,0,0,0,,,0,0,0,,,0,10,0,0
NBA - Futures,30004,5000,0,0,0,0,,,0,0,0,0,0,0,0,0,0,0,,0,0,0,,,0,0,0,,,0,15,0,0
NCAAB - Futures,30005,5000,0,0,0,0,,,0,0,0,0,0,0,0,0,0,0,,0,0,0,,,0,0,0,,,0,0,0,0
NHL - Futures,30006,5000,0,0,0,0,,,0,0,0,0,0,0,0,0,0,0,,0,0,0,,,0,0,0,,,0,10,0,0
England - Premier League - Futures,30011,5000,0,0,0,0,,,0,0,0,0,0,0,0,0,0,0,,0,0,0,,,0,0,0,,,0,0,0,0
France - Ligue 1 - Futures,30012,5000,0,0,0,0,,,0,0,0,0,0,0,0,0,0,0,,0,0,0,,,0,0,0,,,0,0,0,0
Germany - Bundesliga - Futures,30013,5000,0,0,0,0,,,0,0,0,0,0,0,0,0,0,0,,0,0,0,,,0,0,0,,,0,0,0,0
Spain - La Liga - Futures,30014,5000,0,0,0,0,,,0,0,0,0,0,0,0,0,0,0,,0,0,0,,,0,0,0,,,0,0,0,0
Italy - Serie A - Futures,30015,5000,0,0,0,0,,,0,0,0,0,0,0,0,0,0,0,,0,0,0,,,0,0,0,,,0,0,0,0
UEFA - Champions League - Futures,30016,5000,0,0,0,0,,,0,0,0,0,0,0,0,0,0,0,,0,0,0,,,0,0,0,,,0,0,0,0
FIFA - World Cup - Futures,30022,500,0,0,0,0,,,0,0,0,0,0,0,0,0,0,0,,0,0,0,,,0,0,0,,,0,0,0,0
CAF - Africa Cup of Nations - Futures,30724,1000,0,0,0,0,,,0,0,0,0,0,0,0,0,0,0,,0,0,0,,,0,0,0,,,0,0,0,0
WTA - Futures,30152,500,0,0,0,0,,,0,0,0,0,0,0,0,0,0,0,,0,0,0,,,0,0,0,,,0,0,0,0
ATP - Futures,30156,500,0,0,0,0,,,0,0,0,0,0,0,0,0,0,0,,0,0,0,,,0,0,0,,,0,0,0,0
FIBA - EuroBasket - Futures,30224,2000,0,0,0,0,,,0,0,0,0,0,0,0,0,0,0,,0,0,0,,,0,0,0,,,0,0,0,0
Euroleague - Futures,30399,3000,0,0,0,0,,,0,0,0,0,0,0,0,0,0,0,,0,0,0,,,0,0,0,,,0,0,0,0
FIFA - Club World Cup - Futures,39997,3000,0,0,0,0,,,0,0,0,0,0,0,0,0,0,0,,0,0,0,,,0,0,0,,,0,0,0,0
PGA - Futures,39998,1000,0,0,0,0,,,0,0,0,0,0,0,0,0,0,0,,0,0,0,,,0,0,0,,,0,0,0,0
F1 - Futures,39999,3000,0,0,0,0,,,0,0,0,0,0,0,0,0,0,0,,0,0,0,,,0,0,0,,,0,0,0,0
